# place	title	genre1	genre2 — hand labels for rows added by merge_extra_games.py
エリア01	ピックアップル	子ども・ファミリー	
エリア02	投資番付（試遊会）	拡大再生産	
エリア03	トゥーミー！	ワード・トーク	パーティ
エリア03	グロミア	子ども・ファミリー	
エリア06	リアル競りゲーム（オークション）	オークション	
エリア07	K.オノマトペ	ワード・トーク	パーティ
エリア07	Q.●▲★■	パーティ	ワード・トーク
エリア07	ROUNDEAD	パーティ	ダイス・運
エリア07	Q.●▲★■ 拡張セット ブーバパーティー/クイズキキ	パーティ	ワード・トーク
エリア09	ヒットスター アニソン	パーティ	
エリア17	バーシークレット	ワード・トーク	パーティ
エリア22	DORASURE 拡張「未来視の魔女２」	デッキ構築	
エリア22	DORASURE キャンペーンシナリオVol.1	レガシー・キャンペーン	デッキ構築
エリア26	KAMITSUBAKI CARD GAME 物販	デッキ構築	
エリア28	ウィルモットさんの倉庫	子ども・ファミリー	パズル・配置
エリア28	ヘンケン単語帳：恋愛編	ワード・トーク	パーティ
エリア29	未開の星のミトラ	ワード・トーク	パーティ
エリア29	バザールの商人たち	交渉・ブラフ	リアルタイム
エリア29	DOUBLE NINE	ハンドマネジメント	
エリア29	マジカル・アスリート	ダイス・運	パーティ
エリア31	バザールの商人たち（体験ブース）	交渉・ブラフ	リアルタイム
エリア35	テイク・タイム：ミラージュ	パズル・配置	
エリア35	ATRAH	セットコレクション	
エリア35	Collect! - Sharp & Shimmer	セットコレクション	
エリア36	シキスラ(豪華版)	ダイス・運	
エリア37	ハムスタリウム	ワーカープレイスメント	
エリア52	アニマルピコタッチ	推理・マダミス	子ども・ファミリー
エリア56	YAMI 日本語版	トリックテイキング	
エリア58	MAGiのカードゲーム（ラッコ・たぬき・パン！）	交渉・ブラフ	
エリア58	Lionwake（新作・獅子育成デッキ構築）	デッキ構築	
エリア58	エジプトの神々（新ミニ拡張）	トリックテイキング	
エリア58	キンマートン（台湾のコメディIP）	パーティ	
エリア58	Board Game Rookie 注目作	トリックテイキング	
エリア59	GUSKA-グースカ-	ダイス・運	
エリア65	フリップサモン	ダイス・運	
エリア65	ごみ捨てダウト	交渉・ブラフ	パーティ
エリア65	無理矢理なぞなぞ	ワード・トーク	パーティ
エリア65	まきまキンパ！手巻きの達人	子ども・ファミリー	
エリア65	ニャワばり争奪戦！しっぽで取り合う特等席	子ども・ファミリー	
エリア66	ミュージックナンセンス	パーティ	
エリア68	シーズンズ（ケルト日本限定版）	ドラフト	
エリア71	スパイチーム	正体隠匿	
エリア73	Starfall	オークション	
エリア73	Sardegna	陣取り	
エリア73	Parrotdime	ハンドマネジメント	
エリア73	One voice	ワード・トーク	パーティ
エリア73	Club Unlock	セットコレクション	
エリア73	Backgammon	アブストラクト	ダイス・運
エリア73	Stereo Mind	パーティ	
エリア73	13 Animals	セットコレクション	
エリア73	Pentorini	パズル・配置	
エリア73	Too sloth to win	交渉・ブラフ	
エリア73	Tic Tac Town	パズル・配置	ダイス・運
エリア73	Meow in a row	アブストラクト	
エリア73	Meow Cala	アブストラクト	
エリア73	Gangster	陣取り	
エリア73	Rollie	ダイス・運	
エリア73	Orapa Space	推理・マダミス	パズル・配置
エリア73	Beer Mug Dice	交渉・ブラフ	
エリア73	Zombie Dot	パズル・配置	
エリア73	Trio Vision	パズル・配置	リアルタイム
エリア73	Batam	ハンドマネジメント	
エリア73	Meow 10	ハンドマネジメント	子ども・ファミリー
エリア73	Depot	リアルタイム	
エリア73	Call My Trash	交渉・ブラフ	
エリア73	Alphabet code	推理・マダミス	
エリア73	Zombie Chess	アブストラクト	
エリア73	Layer Puzzle	パズル・配置	
エリア73	Hoi Pho	ハンドマネジメント	
エリア73	Digit Code	推理・マダミス	
エリア73	Billabong	アブストラクト	
エリア73	Meow Meow Dice	ダイス・運	
エリア74	そういうお前はどうなんだ? 狂気病棟編	推理・マダミス	パーティ
エリア74	永遠に眠る男	推理・マダミス	
エリア74	そして誰もいなくなる？	推理・マダミス	
エリア74	引っ越しバイト	推理・マダミス	
エリア74	卓上探偵団DEKA 集え、探偵諸君！	推理・マダミス	
エリア74	崇高なる労働をいただきありがとうございます	推理・マダミス	
エリア78	ERROROID ～ブローアウト～	デッキ構築	
エリア78	エラーロイド公式大会	デッキ構築	
エリア81	商品購入キャンペーン（1,500円ごとに特別カード）	デッキ構築	
エリア82	NIKKE NivelArena スペシャルブースターパック	デッキ構築	
エリア82	エピックセブン NivelArena ブースターパック BT04	デッキ構築	
エリア83	ドラゴンショーグン 体験版	デッキ構築	
エリア92	REDRUM08 カナメ探偵の完全なる推理	推理・マダミス	
エリア92	TUMBLEWEED ALLSTAR THE LAST	謎解き・脱出	
エリア92	SORT＋CONTROLLER名作復刻セット	謎解き・脱出	
エリア92	26＋12 タンブルウィードスターターセット	謎解き・脱出	
エリア92	ONE OPERATION QuizKnockコラボエディ…	謎解き・脱出	
エリア92	Q	謎解き・脱出	
両-A001	シンカロン	トリックテイキング	
両-A037	迷霧血録MIST BLOOD	ダイス・運	
両-A038	フォーミダブル・ファーム（2026秋：バネスト：A38）	ハンドマネジメント	拡大再生産
両-B030	MIND MINES	推理・マダミス	
両-B030	「ほりウサギ」＆「ほりウサギ＋」	パズル・配置	
両-D006	負けヒロインとは言わせない!!	ハンドマネジメント	
両-D006	∞MURDER MYSTERY ~終わらない物語~	正体隠匿	推理・マダミス
両-D006	うらにわには２わうらには２わにわとりがいる。	リアルタイム	パーティ
両-D006	ドングリどこだ？	交渉・ブラフ	子ども・ファミリー
両-D006	やどかりコロリン	ダイス・運	子ども・ファミリー
両-D006	Hermit Hop (English)	ダイス・運	子ども・ファミリー
両-D027	シェルフィア	ハンドマネジメント	
両-E031	【割引価格】みんなで空気読み。究極の二択 拡張カード3種セット	パーティ	ワード・トーク
両-E031	みんなで空気読み。究極の二択 拡張カード第3弾「”食”究極の二択」	パーティ	ワード・トーク
両-E034	〇〇さぁ〜ん！ ...どの？！ -同姓多すぎ問題-	リアルタイム	パーティ
土-G021	アリスとふしぎな森	ダイス・運	子ども・ファミリー
土-G021	Book KOUTEI Battle	セットコレクション	
両-H016	Pass the Passport -欺瞞のババ抜き-	交渉・ブラフ	
両-H018	エクスプレス ラン	ダイス・運	ルート構築
両-H019	働く！うさぎちゃん『回転ずし編』	トリックテイキング	
両-H019	うさぎ幼稚園2	パーティ	
両-H057	新版「現代東京建築かるた」	リアルタイム	
土-H072	CLAY MONSTERS DUEL	子ども・ファミリー	
土-H094	STARE	パーティ	リアルタイム
土-H101	談合アウト（※ニチ個人作品）	ハンドマネジメント	オークション
土-H104	かぶらない うらないし	交渉・ブラフ	
土-H104	もじめに	ワード・トーク	パーティ
土-H104	題名取札Ｚカルタム	リアルタイム	パーティ
土-H104	題名取札カルタム	リアルタイム	パーティ
土-J009	魔女見習いのカプリチオ	ハンドマネジメント	
土-J009	魔女見習いのオペラ	アブストラクト	
土-J009	メスガキトリックテイキング	トリックテイキング	
土-J015	Tear fall	ハンドマネジメント	
土-K032	ウィンドリーダー	ルート構築	
土-K045	FLAG POKER	セットコレクション	
土-K052	手抜きマンション ババババーン	ダイス・運	
土-L028	カバー・ユア・クッキーズ	セットコレクション	
土-L028	チケットブース	セットコレクション	
土-L028	ノーミング・ア・ラウンド	ハンドマネジメント	
土-L028	スリー・ツー・ワン・カウントダウン	ハンドマネジメント	
土-L028	ベアーズ・アンド・ビー	パズル・配置	
土-L028	ワースト・イン・ショー	トリックテイキング	
土-L028	ディッコリーと魔女の時計	ハンドマネジメント	
土-L028	ノールーズエンズ	トリックテイキング	
土-L028	レピドプテリー	アブストラクト	ハンドマネジメント
土-L074	TENE / テネ	アブストラクト	
土-M045	ブックイーン拡張≪Search（サーチ）≫	ワード・トーク	リアルタイム
土-M081	EVIL	陣取り	ダイス・運
土-M099	アステリズム陣形衰弱	パズル・配置	
土-M099	フォーチュンウール	ダイス・運	
土-M099	CLUB OstRich	交渉・ブラフ	
土-M099	ハイパースペシャルアルティメットポーカー	パーティ	
土-M127	2026秋新作【MR.DARTS拡張 inferno】	ドラフト	
土-M127	2026秋新作【鬼灯~Hozuki~】	トリックテイキング	
土-M129	the ORACLE 未来予知チェス	アブストラクト	
両-Q015	都市伝説マダミスセンター -完全犯罪のやり直し-	推理・マダミス	
両-Q016	秘祭	推理・マダミス	
土-Q025	メメント＝ヴィータ	推理・マダミス	
土-R007	メイド探偵『美久露未来』	推理・マダミス	
土-R007	傀儡館の殺人	推理・マダミス	
両-S013	銅像を建てよう！	ダイス・運	パーティ
土-T001	TAO of 九天廻生	TRPG・シナリオ	
両-U012	Virus mystery	謎解き・脱出	
両-U012	白黒	謎解き・脱出	
エリア21	DREAM HOPPERS／99x1	パーティ	
